spec,n
Leu,104
Ser,82
Val,77
Thr,73
Ala,63
Gly,60
Cys,49
Tyr,44
Pro,43
Asn,37
Asp,35
Orn,34
Ile,31
Hpg,30
Phe,25
Glu,24
Gln,23
Dab,20
Lys,20
Trp,19
Dhpg,14
Arg,11
Aad,8
Abu|Ival,8
di-OH-Bz,6
His,6
dhAbu,6
Pip,5
Sal|di-OH-Bz,5
Ile|Val,5
D-Ala,3
Bmt,3
Hse,3
PhGly,2
Piz,2
Met,2
Htyr,2
Ncp-Ala,2
Phe|Tyr,2
HOMM-Tyr,2
Abu,2
Iso,2
aKic,2
Hic,1
Ahnpb,1
Leu|Arg,1
Valol,1
O-Iv,1
Glyco-cya,1
dhDab,1
Ala|Gly,1
gOH-Val,1
norCMA,1
Asn|Gln,1
Arg|Lys,1
Leu|Val,1
Me-Dpr,1
dhAbu|dhTyr|Thr,1
Gca,1
Alaol,1
Kyn,1
D-Lea,1
aKiv,1
Hcn,1
Ac-Phe,1
CysA,1
Gac,1
3Me-Tyr|ddh-Arg,1
Ala|Leu|Val,1
Gln|Tyr,1
33p-Ala,1
Hiv,1
Ser|Thr,1
Pac,1
Ala|Val,1
