sp2_names,substrate,bgc_all,pmid_all,pmid_last,Title,Description,Details,Identifiers,URL
"a0014	Hpg|Cl2-Hpg	CAE53350.1	A1	BGC0000440	teicoplanin",Hpg|Cl2-Hpg,BGC0000440,14702401;15113000;16007453;17009278;17044690;25358800,25358800,Cytochrome P450 OxyBtei catalyzes the first phenolic coupling step in teicoplanin biosynthesis.,"Haslinger K, Maximowitsch E, Brieke C, Koch A, Cryle MJ.",Chembiochem. 2014 Dec 15;15(18):2719-28. doi: 10.1002/cbic.201402441. Epub 2014 Oct 30.,PMID:25358800,
"a0017	bOH-Tyr	CAC48360.1	A2	BGC0000311	balhimycin",bOH-Tyr,BGC0000311,10390204;11495926;12404385;11880037;11932455,11932455,Nonribosomal biosynthesis of vancomycin-type antibiotics: a heptapeptide backbone and eight peptide synthetase modules.,"Recktenwald J, Shawky R, Puk O, Pfennig F, Keller U, Wohlleben W, Pelzer S.",Microbiology. 2002 Apr;148(Pt 4):1105-18.,PMID:11932455,
"a0031	OH-Orn	AAX16360.1	A4	not_in_mibig	pyoverdine",OH-Orn,not_in_mibig,15743962,NA,NA,NA,NA,NA,https://pdf.sciencedirectassets.com/271102/1-s2.0-S0014579313X00201/1-s2.0-S0014579313006686/main.pdf?x-amz-security-token=AgoJb3JpZ2luX2VjEPL%2F%2F%2F%2F%2F%2F%2F%2F%2F%2FwEaCXVzLWVhc3QtMSJHMEUCIHZcJoZIgfVlJyzTfme%2F%2BeiTizRQcaVitnuHx4cWsXOyAiEA3t9RyQ3J4FxAdeKrWs37GLGHATfZAeiBm5TRjOPmpdEq4wMI6v%2F%2F%2F%2F%2F%2F%2F%2F%2F%2FARACGgwwNTkwMDM1NDY4NjUiDCcuMzh6jXAalCRvkCq3A2P8glD7WBAgNcVS2X7TzybOT3IQ%2BF5YLh6GsWG805dX4SQj%2FIL8JNJOykyUYZ7kYIxG4rLEn4sb44gZ526AUzb5idt39TRNGJqJTI3oKaypj1ElW6t53HWxmLLglrwUigGfcYGVXd283sS7Mb37U8myP4zyAhF0guoV1ohV4da87C%2BW4ZbxxzF%2BZvAHZwRpeef2TlT%2BJGZKl%2FMsHsVlxa4PIAdx4uvt7ct3af1qqBkQdsTzQIW%2FY2MW%2Biuu0VnGFfgyC%2BDn3IYyPhFxY7ebDQ9T9qa%2Fd19k0rkhr62zHV629GNdhd9CD0IOxV93x5FBcCa5n4eOzsDf%2BJapX2gJu8X84R1CNJ3N%2BOsay2%2FSrJlg4RhqE84%2BctU1dbpPBR53NOdbKdgsQIySIYd5RxaOa9roDI3ITzappQAQF1PonLJGzIk0T0JsRVWCU43bAK4RQaVSKscXq2wOn3Mnjf%2F%2B%2BKubaV5dWyusDNLVyXCqtf0IrZ3vRFAOSPvW9PcXofPZMi24cyTBAbicckUUB2HklQQ08pHa%2FMwVAnggBWGssJRbdGiV46x4eYiJzyPazB9NX9ZS%2FEC8BSMwirPv5gU6tAHqEOaiQxi6XjvZeeGaR1iukCxsOBrSJGIxeKShye0Ps%2FE3BJumc3leZvyEXvqFUNBk9R9TpvmYo7b8VyjxG96dHBCVGd9v%2BUwiC3mFp%2BIPgIfJLOB69zjf5qOA5rN875iYWyNGXxSHXyFzOvH7Gui%2FalSw5E5dZ%2BxuKNcpuFbgRUegkIgXw9Sy1nTGu%2FbTu3xdngwPjDKokeAwgQzQ0L1JUWvSkaJmPx6qwuZaLI9phcpynlI%3D&AWSAccessKeyId=ASIAQ3PHCVTYZBKQIWVO&Expires=1557917226&Signature=q87VnWkWwcfqaVcPRTRS%2FBbvWYQ%3D&hash=b0d3a481fc01d5e1903e71bb10a6b1296817198e5502b001bfe59e8fa2ded5ac&host=68042c943591013ac2b2430a89b270f6af2c76d8dfd086a07176afe7c76c2c61&pii=S0014579313006686&tid=spdf-cd127997-88f1-4a93-aec6-b32249fa72c2&sid=057c6a8b3e39944008888a45d9798b47ff83gxrqa&type=client
"a0034	OH-Asn	AAZ23075.1	A3	BGC0000291	A54145	NOTE:some_disagreement_whether_Asn_or_OH-Asn_is_activated",OH-Asn,BGC0000291,16208464,16208464,The lipopeptide antibiotic A54145 biosynthetic gene cluster from Streptomyces fradiae.,"Miao V, Brost R, Chapple J, She K, Gal MF, Baltz RH.",J Ind Microbiol Biotechnol. 2006 Feb;33(2):129-40. Epub 2005 Oct 6.,PMID:16208464,
"a0044	OH-Orn	AAX16297.1	A4	not_in_mibig	pyoverdine",OH-Orn,not_in_mibig,NA,NA,NA,NA,NA,NA,
"a0046	OH-Orn	AAX16361.1	A2	not_in_mibig    pyoverdine",OH-Orn,not_in_mibig    pyoverdine,NA,NA,NA,NA,NA,NA,
"a0056	Hpg|Cl2-Hpg	CAE53352.1	A1	BGC0000440	teicoplanin",Hpg|Cl2-Hpg,BGC0000440,14702401;15113000;16007453;17009278;17044690;25358800,25358800,Cytochrome P450 OxyBtei catalyzes the first phenolic coupling step in teicoplanin biosynthesis.,"Haslinger K, Maximowitsch E, Brieke C, Koch A, Cryle MJ.",Chembiochem. 2014 Dec 15;15(18):2719-28. doi: 10.1002/cbic.201402441. Epub 2014 Oct 30.,PMID:25358800,
"a0057	Hpg|Cl2-Hpg	CAE53352.1	A2	BGC0000440	teicoplanin",Hpg|Cl2-Hpg,BGC0000440,14702401;15113000;16007453;17009278;17044690;25358800,25358800,Cytochrome P450 OxyBtei catalyzes the first phenolic coupling step in teicoplanin biosynthesis.,"Haslinger K, Maximowitsch E, Brieke C, Koch A, Cryle MJ.",Chembiochem. 2014 Dec 15;15(18):2719-28. doi: 10.1002/cbic.201402441. Epub 2014 Oct 30.,PMID:25358800,
"a0058	Tyr|bOH-Tyr	CAE53352.1	A3	BGC0000440	teicoplanin",Tyr|bOH-Tyr,BGC0000440,14702401;15113000;16007453;17009278;17044690;25358800,25358800,Cytochrome P450 OxyBtei catalyzes the first phenolic coupling step in teicoplanin biosynthesis.,"Haslinger K, Maximowitsch E, Brieke C, Koch A, Cryle MJ.",Chembiochem. 2014 Dec 15;15(18):2719-28. doi: 10.1002/cbic.201402441. Epub 2014 Oct 30.,PMID:25358800,
"a0078	Hpg|Cl2-Hpg	AAK81826.1	A1	BGC0000326	complestatin",Hpg|Cl2-Hpg,BGC0000326,11447274,11447274,Molecular cloning and sequence analysis of the complestatin biosynthetic gene cluster.,"Chiu HT, Hubbard BK, Shah AN, Eide J, Fredenburg RA, Walsh CT, Khosla C.",Proc Natl Acad Sci U S A. 2001 Jul 17;98(15):8548-53. Epub 2001 Jul 10.,PMID:11447274 | PMCID:PMC37473,
"a0079	Hpg|Cl2-Hpg	AAK81826.1	A2	BGC0000326	complestatin",Hpg|Cl2-Hpg,BGC0000326,11447274,11447274,Molecular cloning and sequence analysis of the complestatin biosynthetic gene cluster.,"Chiu HT, Hubbard BK, Shah AN, Eide J, Fredenburg RA, Walsh CT, Khosla C.",Proc Natl Acad Sci U S A. 2001 Jul 17;98(15):8548-53. Epub 2001 Jul 10.,PMID:11447274 | PMCID:PMC37473,
"a0093	di-OH-Bz	AAC44632.1	A1	not_in_mibig	enterobactin_like_siderophore",di-OH-Bz,not_in_mibig,NA,NA,NA,NA,NA,NA,
"a0098	4OH-5OH-Orn	EPE34341.1	A1	BGC0001035	pneumocandin",4OH-5OH-Orn,BGC0001035,23688303;25879325;25527531;25270390;27494047,27494047,Engineering of New Pneumocandin Side-Chain Analogues from Glarea lozoyensis by Mutasynthesis and Evaluation of Their Antifungal Activity.,"Chen L, Li Y, Yue Q, Loksztejn A, Yokoyama K, Felix EA, Liu X, Zhang N, An Z, Bills GF.",ACS Chem Biol. 2016 Oct 21;11(10):2724-2733. Epub 2016 Aug 10.,PMID:27494047 | PMCID:PMC5502478,
"a0102	3OH-Gln	EPE34341.1	A5	BGC0001035	pneumocandin",3OH-Gln,BGC0001035,23688303;25879325;25527531;25270390;27494047,27494047,Engineering of New Pneumocandin Side-Chain Analogues from Glarea lozoyensis by Mutasynthesis and Evaluation of Their Antifungal Activity.,"Chen L, Li Y, Yue Q, Loksztejn A, Yokoyama K, Felix EA, Liu X, Zhang N, An Z, Bills GF.",ACS Chem Biol. 2016 Oct 21;11(10):2724-2733. Epub 2016 Aug 10.,PMID:27494047 | PMCID:PMC5502478,
"a0103	Pro|4Me-Pro	EPE34341.1	A6	BGC0001035	pneumocandin	NOTE:subsequent_hydroxylation_at_C3",Pro|4Me-Pro,BGC0001035,23688303;25879325;25527531;25270390;27494047,27494047,Engineering of New Pneumocandin Side-Chain Analogues from Glarea lozoyensis by Mutasynthesis and Evaluation of Their Antifungal Activity.,"Chen L, Li Y, Yue Q, Loksztejn A, Yokoyama K, Felix EA, Liu X, Zhang N, An Z, Bills GF.",ACS Chem Biol. 2016 Oct 21;11(10):2724-2733. Epub 2016 Aug 10.,PMID:27494047 | PMCID:PMC5502478,
"a0120	NMe-Gly	simA_not_in_genbank	A7	BGC0000334	cyclosporin	NOTE:producer_Tolypocladium_inflatum",NMe-Gly,BGC0000334,23818858,23818858,"The genome of tolypocladium inflatum: evolution, organization, and expression of the cyclosporin biosynthetic gene cluster.","Bushley KE, Raja R, Jaiswal P, Cumbie JS, Nonogaki M, Boyd AE, Owensby CA, Knaus BJ, Elser J, Miller D, Di Y, McPhail KL, Spatafora JW.",PLoS Genet. 2013 Jun;9(6):e1003496. doi: 10.1371/journal.pgen.1003496. Epub 2013 Jun 20.,PMID:23818858 | PMCID:PMC3688495,
"a0204	Asp|bMe-Asp	AEA30272.1	A3	BGC0000429	skyllamycin",Asp|bMe-Asp,BGC0000429,21456593;11480883,11480883,"RP-1776, a novel cyclic peptide produced by Streptomyces sp., inhibits the binding of PDGF to the extracellular domain of its receptor.","Toki S, Agatsuma T, Ochiai K, Saitoh Y, Ando K, Nakanishi S, Lokker NA, Giese NA, Matsuda Y.",J Antibiot (Tokyo). 2001 May;54(5):405-14.,PMID:11480883,
"a0234	Hpg|Cl2-Hpg	CAB38518.1	A6	BGC0000315	calcium_dependent_antibiotic",Hpg|Cl2-Hpg,BGC0000315,12445768;16925444;17784761;11790750;17513473;18020333;15099062;22711659;17322197;17373765;18237171;18020333;21135931;22245678,22245678,Exploring the mechanism of lipid transfer during biosynthesis of the acidic lipopeptide antibiotic CDA.,"Kraas FI, Giessen TW, Marahiel MA.",FEBS Lett. 2012 Feb 3;586(3):283-8. doi: 10.1016/j.febslet.2012.01.003. Epub 2012 Jan 10.,PMID:22245678,
"a0239	Pro|4Me-Pro	AAO23334.1	A3	BGC0000397	nostocyclopeptide",Pro|4Me-Pro,BGC0000397,12515465,12515465,Biosynthesis of 4-methylproline in cyanobacteria: cloning of nosE and nosF genes and biochemical characterization of the encoded dehydrogenase and reductase activities.,"Luesch H, Hoffmann D, Hevel JM, Becker JE, Golakoti T, Moore RE.",J Org Chem. 2003 Jan 10;68(1):83-91.,PMID:12515465,
"a0243	Fo-OH-Orn	BAH31686.1	A1	BGC0000371	heterobactin",Fo-OH-Orn,BGC0000371,24274668,24274668,Structural characterization of the heterobactin siderophores from Rhodococcus erythropolis PR4 and elucidation of their biosynthetic machinery.,"Bosello M, Zeyadi M, Kraas FI, Linne U, Xie X, Marahiel MA.",J Nat Prod. 2013 Dec 27;76(12):2282-90. doi: 10.1021/np4006579. Epub 2013 Nov 26.,PMID:24274668,
"a0245	OH-Orn	BAH31686.1	A3	BGC0000371	heterobactin",OH-Orn,BGC0000371,24274668,24274668,Structural characterization of the heterobactin siderophores from Rhodococcus erythropolis PR4 and elucidation of their biosynthetic machinery.,"Bosello M, Zeyadi M, Kraas FI, Linne U, Xie X, Marahiel MA.",J Nat Prod. 2013 Dec 27;76(12):2282-90. doi: 10.1021/np4006579. Epub 2013 Nov 26.,PMID:24274668,
"a0246	OH-Orn	BAH31686.1	A4	BGC0000371	heterobactin",OH-Orn,BGC0000371,24274668,24274668,Structural characterization of the heterobactin siderophores from Rhodococcus erythropolis PR4 and elucidation of their biosynthetic machinery.,"Bosello M, Zeyadi M, Kraas FI, Linne U, Xie X, Marahiel MA.",J Nat Prod. 2013 Dec 27;76(12):2282-90. doi: 10.1021/np4006579. Epub 2013 Nov 26.,PMID:24274668,
"a0249	OH-Orn	BAH33409.1	A3	BGC0000371	heterobactin",OH-Orn,BGC0000371,24274668,24274668,Structural characterization of the heterobactin siderophores from Rhodococcus erythropolis PR4 and elucidation of their biosynthetic machinery.,"Bosello M, Zeyadi M, Kraas FI, Linne U, Xie X, Marahiel MA.",J Nat Prod. 2013 Dec 27;76(12):2282-90. doi: 10.1021/np4006579. Epub 2013 Nov 26.,PMID:24274668,
"a0276	Trp|6Cl-Trp	BAP16684.1	A1	BGC0000376	jbir-34_jbir-35",Trp|6Cl-Trp,BGC0000376,25041948,25041948,"Biosynthesis of the 4-methyloxazoline-containing nonribosomal peptides, JBIR-34 and -35, in Streptomyces sp. Sp080513GE-23.","Muliandi A, Katsuyama Y, Sone K, Izumikawa M, Moriya T, Hashimoto J, Kozone I, Takagi M, Shin-ya K, Ohnishi Y.",Chem Biol. 2014 Aug 14;21(8):923-34. doi: 10.1016/j.chembiol.2014.06.004. Epub 2014 Jul 17.,PMID:25041948,
"a0278	aMe-Ser	BAP16693.1	A1	BGC0000376	jbir-34_jbir-35",aMe-Ser,BGC0000376,25041948,25041948,"Biosynthesis of the 4-methyloxazoline-containing nonribosomal peptides, JBIR-34 and -35, in Streptomyces sp. Sp080513GE-23.","Muliandi A, Katsuyama Y, Sone K, Izumikawa M, Moriya T, Hashimoto J, Kozone I, Takagi M, Shin-ya K, Ohnishi Y.",Chem Biol. 2014 Aug 14;21(8):923-34. doi: 10.1016/j.chembiol.2014.06.004. Epub 2014 Jul 17.,PMID:25041948,
"a0280	6Cl-Hic	BAP16689.1	A1	BGC0000376	jbir-34_jbir-35",6Cl-Hic,BGC0000376,25041948,25041948,"Biosynthesis of the 4-methyloxazoline-containing nonribosomal peptides, JBIR-34 and -35, in Streptomyces sp. Sp080513GE-23.","Muliandi A, Katsuyama Y, Sone K, Izumikawa M, Moriya T, Hashimoto J, Kozone I, Takagi M, Shin-ya K, Ohnishi Y.",Chem Biol. 2014 Aug 14;21(8):923-34. doi: 10.1016/j.chembiol.2014.06.004. Epub 2014 Jul 17.,PMID:25041948,
"a0316	gOH-Val	YP_631961.1	A3	BGC0000393	myxoprincomide",gOH-Val,BGC0000393,22162209,22162209,Myxoprincomide: a natural product from Myxococcus xanthus discovered by comprehensive analysis of the secondary metabolome.,"Cortina NS, Krug D, Plaza A, Revermann O, Müller R.",Angew Chem Int Ed Engl. 2012 Jan 16;51(3):811-6. doi: 10.1002/anie.201106305. Epub 2011 Dec 7. No abstract available.,PMID:22162209,
"a0335	NOH-Ala	AGZ15458.1	A2	BGC0001036	polyoxypeptin	NOTE:has_epimerase_domain",NOH-Ala,BGC0001036,24506891,24506891,"Identification and characterization of the biosynthetic gene cluster of polyoxypeptin A, a potent apoptosis inducer.","Du Y, Wang Y, Huang T, Tao M, Deng Z, Lin S.",BMC Microbiol. 2014 Feb 8;14:30. doi: 10.1186/1471-2180-14-30.,PMID:24506891 | PMCID:PMC3943440,
"a0337	3OH-3Me-Pro	AGZ15459.1	A2	BGC0001036	polyoxypeptin	NOTE:has_epimerase_domain",3OH-3Me-Pro,BGC0001036,24506891,24506891,"Identification and characterization of the biosynthetic gene cluster of polyoxypeptin A, a potent apoptosis inducer.","Du Y, Wang Y, Huang T, Tao M, Deng Z, Lin S.",BMC Microbiol. 2014 Feb 8;14:30. doi: 10.1186/1471-2180-14-30.,PMID:24506891 | PMCID:PMC3943440,
"a0338	NOH-Val	AGZ15460.1	A1	BGC0001036	polyoxypeptin",NOH-Val,BGC0001036,24506891,24506891,"Identification and characterization of the biosynthetic gene cluster of polyoxypeptin A, a potent apoptosis inducer.","Du Y, Wang Y, Huang T, Tao M, Deng Z, Lin S.",BMC Microbiol. 2014 Feb 8;14:30. doi: 10.1186/1471-2180-14-30.,PMID:24506891 | PMCID:PMC3943440,
"a0339	3OH-Leu	AGZ15476.1	A1	BGC0001036	polyoxypeptin",3OH-Leu,BGC0001036,24506891,24506891,"Identification and characterization of the biosynthetic gene cluster of polyoxypeptin A, a potent apoptosis inducer.","Du Y, Wang Y, Huang T, Tao M, Deng Z, Lin S.",BMC Microbiol. 2014 Feb 8;14:30. doi: 10.1186/1471-2180-14-30.,PMID:24506891 | PMCID:PMC3943440,
"a0343	Fo-OH-Orn	CBG75492.1	A1	BGC0000423	scabichelin	NOTE:final_product_n_methylated",Fo-OH-Orn,BGC0000423,23752895,23752895,"Structure and biosynthesis of scabichelin, a novel tris-hydroxamate siderophore produced by the plant pathogen Streptomyces scabies 87.22.","Kodani S, Bicz J, Song L, Deeth RJ, Ohnishi-Kameyama M, Yoshida M, Ochi K, Challis GL.",Org Biomol Chem. 2013 Jul 28;11(28):4686-94. doi: 10.1039/c3ob40536b. Epub 2013 Jun 11.,PMID:23752895,
"a0345	OH-Orn	CBG75492.1	A3	BGC0000423	scabichelin	NOTE:final_product_n_methylated",OH-Orn,BGC0000423,23752895,23752895,"Structure and biosynthesis of scabichelin, a novel tris-hydroxamate siderophore produced by the plant pathogen Streptomyces scabies 87.22.","Kodani S, Bicz J, Song L, Deeth RJ, Ohnishi-Kameyama M, Yoshida M, Ochi K, Challis GL.",Org Biomol Chem. 2013 Jul 28;11(28):4686-94. doi: 10.1039/c3ob40536b. Epub 2013 Jun 11.,PMID:23752895,
"a0347	OH-Orn	CBG75492.1	A5	BGC0000423	scabichelin",OH-Orn,BGC0000423,23752895,23752895,"Structure and biosynthesis of scabichelin, a novel tris-hydroxamate siderophore produced by the plant pathogen Streptomyces scabies 87.22.","Kodani S, Bicz J, Song L, Deeth RJ, Ohnishi-Kameyama M, Yoshida M, Ochi K, Challis GL.",Org Biomol Chem. 2013 Jul 28;11(28):4686-94. doi: 10.1039/c3ob40536b. Epub 2013 Jun 11.,PMID:23752895,
"a0413	ddh-Arg|3Me-Tyr	BAO84866.1	A1	BGC0000414	quinocarcin",ddh-Arg|3Me-Tyr,BGC0000414,24269153,24269153,Core assembly mechanism of quinocarcin/SF-1739: bimodular complex nonribosomal peptide synthetases for sequential mannich-type reactions.,"Hiratsuka T, Koketsu K, Minami A, Kaneko S, Yamazaki C, Watanabe K, Oguri H, Oikawa H.",Chem Biol. 2013 Dec 19;20(12):1523-35. doi: 10.1016/j.chembiol.2013.10.011. Epub 2013 Nov 21.,PMID:24269153,
"a0414	3Me-Tyr	BAO84868.1	A1	BGC0000414	quinocarcin",3Me-Tyr,BGC0000414,24269153,24269153,Core assembly mechanism of quinocarcin/SF-1739: bimodular complex nonribosomal peptide synthetases for sequential mannich-type reactions.,"Hiratsuka T, Koketsu K, Minami A, Kaneko S, Yamazaki C, Watanabe K, Oguri H, Oikawa H.",Chem Biol. 2013 Dec 19;20(12):1523-35. doi: 10.1016/j.chembiol.2013.10.011. Epub 2013 Nov 21.,PMID:24269153,
"a0437	OH-Orn	AAX16325.1	A2	not_in_mibig	pyoverdine",OH-Orn,not_in_mibig,NA,NA,NA,NA,NA,NA,
"a0443	Hpg|Cl2-Hpg	AAT09804.1	A1	BGC0000395	nocardicin_a",Hpg|Cl2-Hpg,BGC0000395,,,NA,NA,NA,NA,
"a0444	Hpg|Cl2-Hpg	AAT09804.1	A3	BGC0000395	nocardicin_a",Hpg|Cl2-Hpg,BGC0000395,,,NA,NA,NA,NA,
"a0482	di-OH-Bz|Sal	AAD55799.1	A1	not_in_mibig	pyochelin",di-OH-Bz|Sal,not_in_mibig,NA,NA,NA,NA,NA,NA,
"a0502	OH-Orn	AAX16296.1	A2	not_in_mibig	pyoverdine",OH-Orn,not_in_mibig,NA,NA,NA,NA,NA,NA,
"a0551	Hpg|Cl2-Hpg	CAC48361.1	A1	BGC0000311	balhimycin",Hpg|Cl2-Hpg,BGC0000311,10390204;11495926;12404385;11880037;11932455,11932455,Nonribosomal biosynthesis of vancomycin-type antibiotics: a heptapeptide backbone and eight peptide synthetase modules.,"Recktenwald J, Shawky R, Puk O, Pfennig F, Keller U, Wohlleben W, Pelzer S.",Microbiology. 2002 Apr;148(Pt 4):1105-18.,PMID:11932455,
"a0552	Hpg|Cl2-Hpg	CAC48361.1	A2	BGC0000311	balhimycin",Hpg|Cl2-Hpg,BGC0000311,10390204;11495926;12404385;11880037;11932455,11932455,Nonribosomal biosynthesis of vancomycin-type antibiotics: a heptapeptide backbone and eight peptide synthetase modules.,"Recktenwald J, Shawky R, Puk O, Pfennig F, Keller U, Wohlleben W, Pelzer S.",Microbiology. 2002 Apr;148(Pt 4):1105-18.,PMID:11932455,
"a0553	bOH-Tyr	CAC48361.1	A3	BGC0000311	balhimycin",bOH-Tyr,BGC0000311,10390204;11495926;12404385;11880037;11932455,11932455,Nonribosomal biosynthesis of vancomycin-type antibiotics: a heptapeptide backbone and eight peptide synthetase modules.,"Recktenwald J, Shawky R, Puk O, Pfennig F, Keller U, Wohlleben W, Pelzer S.",Microbiology. 2002 Apr;148(Pt 4):1105-18.,PMID:11932455,
"a0580	OH-Orn	AAX16327.1	A3	not_in_mibig	pyoverdine",OH-Orn,not_in_mibig,NA,NA,NA,NA,NA,NA,
"a0587	Glu|3Me-Glu	CAD55498.1	A1	BGC0000315	calcium_dependent_antibiotic",Glu|3Me-Glu,BGC0000315,12445768;16925444;17784761;11790750;17513473;18020333;15099062;22711659;17322197;17373765;18237171;18020333;21135931;22245678,22245678,Exploring the mechanism of lipid transfer during biosynthesis of the acidic lipopeptide antibiotic CDA.,"Kraas FI, Giessen TW, Marahiel MA.",FEBS Lett. 2012 Feb 3;586(3):283-8. doi: 10.1016/j.febslet.2012.01.003. Epub 2012 Jan 10.,PMID:22245678,
"a0590	3Me-Asp	CAD29798.1	A2	BGC0001015	microcystin",3Me-Asp,BGC0001015,12511503,12511503,"Microcystin biosynthesis in planktothrix: genes, evolution, and manipulation.","Christiansen G, Fastner J, Erhard M, Börner T, Dittmann E.",J Bacteriol. 2003 Jan;185(2):564-72.,PMID:12511503 | PMCID:PMC145317,
"a0592	Pro|4Me-Pro	AAF15891.2	A3	BGC0001028	nostopeptolide",Pro|4Me-Pro,BGC0001028,12853152,12853152,Sequence analysis and biochemical characterization of the nostopeptolide A biosynthetic gene cluster from Nostoc sp. GSV224.,"Hoffmann D, Hevel JM, Moore RE, Moore BS.",Gene. 2003 Jun 5;311:171-80.,PMID:12853152,
"a0601	Gly|NMe-Gly	CAA82227.1	A7	not_in_mibig	cyclosporin",Gly|NMe-Gly,not_in_mibig,NA,NA,NA,NA,NA,NA,
"a0622	di-OH-Bz|Sal	BAC12912.1	A1	not_in_mibig	bacillibactin-like_siderophore",di-OH-Bz|Sal,not_in_mibig,NA,NA,NA,NA,NA,NA,
"a0625	Hpg|Cl2-Hpg	AAM80537.1	A1	BGC0000290	A47934",Hpg|Cl2-Hpg,BGC0000290,9177243;12060705;16492565,16492565,Biosynthesis of sulfated glycopeptide antibiotics by using the sulfotransferase StaL.,"Lamb SS, Patel T, Koteva KP, Wright GD.",Chem Biol. 2006 Feb;13(2):171-81.,PMID:16492565,
"a0626	Hpg|Cl2-Hpg	AAM80537.1	A2	BGC0000290	A47934",Hpg|Cl2-Hpg,BGC0000290,9177243;12060705;16492565,16492565,Biosynthesis of sulfated glycopeptide antibiotics by using the sulfotransferase StaL.,"Lamb SS, Patel T, Koteva KP, Wright GD.",Chem Biol. 2006 Feb;13(2):171-81.,PMID:16492565,
"a0628	Hpg|Cl2-Hpg	AAK81824.1	A1	BGC0000326	complestatin",Hpg|Cl2-Hpg,BGC0000326,11447274,11447274,Molecular cloning and sequence analysis of the complestatin biosynthetic gene cluster.,"Chiu HT, Hubbard BK, Shah AN, Eide J, Fredenburg RA, Walsh CT, Khosla C.",Proc Natl Acad Sci U S A. 2001 Jul 17;98(15):8548-53. Epub 2001 Jul 10.,PMID:11447274 | PMCID:PMC37473,
"a0659	3Me-Asp	AAO64403.1	A2	not_in_mibig	nodularin",3Me-Asp,not_in_mibig,NA,NA,NA,NA,NA,NA,
"a0679	di-OH-Bz	AAG00564.1	A1	not_in_mibig	vibriobactin",di-OH-Bz,not_in_mibig,NA,NA,NA,NA,NA,NA,
"a0690	di-OH-Bz|Sal	AAA93464.1	A1	not_in_mibig	yersiniabactin",di-OH-Bz|Sal,not_in_mibig,NA,NA,NA,NA,NA,NA,
"a0692	3Me-Asp	BAA83993.1	A2	BGC0001017	microcystin",3Me-Asp,BGC0001017,11033079;12713441;15528494;17142460;17163649;27105282;28570054,28570054,Directing the Heterologous Production of Specific Cyanobacterial Toxin Variants.,"Liu T, Mazmouz R, Ongley SE, Chau R, Pickford R, Woodhouse JN, Neilan BA.",ACS Chem Biol. 2017 Aug 18;12(8):2021-2029. doi: 10.1021/acschembio.7b00181. Epub 2017 Jun 7.,PMID:28570054,
"a0696	Asp|NMe-Asp	AAO62587.1	A2	BGC0001016	microcystin",Asp|NMe-Asp,BGC0001016,14766543;17163649,17163649,Structural characterization of in vitro and in vivo intermediates on the loading module of microcystin synthetase.,"Hicks LM, Moffitt MC, Beer LL, Moore BS, Kelleher NL.",ACS Chem Biol. 2006 Mar 17;1(2):93-102.,PMID:17163649,
"a0698	Fo-OH-Orn	YP_702283.1	A2	BGC0000417	rhodochelin",Fo-OH-Orn,BGC0000417,21381663,21381663,Biosynthesis of the siderophore rhodochelin requires the coordinated expression of three independent gene clusters in Rhodococcus jostii RHA1.,"Bosello M, Robbel L, Linne U, Xie X, Marahiel MA.",J Am Chem Soc. 2011 Mar 30;133(12):4587-95. doi: 10.1021/ja1109453. Epub 2011 Mar 7.,PMID:21381663,
"a0701	Hpg|Cl2-Hpg	AAK81825.1	A1	BGC0000326	complestatin",Hpg|Cl2-Hpg,BGC0000326,11447274,11447274,Molecular cloning and sequence analysis of the complestatin biosynthetic gene cluster.,"Chiu HT, Hubbard BK, Shah AN, Eide J, Fredenburg RA, Walsh CT, Khosla C.",Proc Natl Acad Sci U S A. 2001 Jul 17;98(15):8548-53. Epub 2001 Jul 10.,PMID:11447274 | PMCID:PMC37473,
"a0710	di-OH-Bz	AAG31128.1	A1	BGC0001345	myxochelin",di-OH-Bz,BGC0001345,11562468;18498160,18498160,Myxochelin biosynthesis: direct evidence for two- and four-electron reduction of a carrier protein-bound thioester.,"Li Y, Weissman KJ, Müller R.",J Am Chem Soc. 2008 Jun 18;130(24):7554-5. doi: 10.1021/ja8025278. Epub 2008 May 23.,PMID:18498160,
"a0713	bOH-Tyr	AHF20582.1	A2	BGC0000418	ristocetin",bOH-Tyr,BGC0000418,25022591,25022591,Antibiotic resistance mechanisms inform discovery: identification and characterization of a novel amycolatopsis strain producing ristocetin.,"Truman AW, Kwun MJ, Cheng J, Yang SH, Suh JW, Hong HJ.",Antimicrob Agents Chemother. 2014 Oct;58(10):5687-95. doi: 10.1128/AAC.03349-14. Epub 2014 Jul 14.,PMID:25022591 | PMCID:PMC4187901,
"a0715	bOH-Tyr	AHF20584.1	A3	BGC0000418	ristocetin",bOH-Tyr,BGC0000418,25022591,25022591,Antibiotic resistance mechanisms inform discovery: identification and characterization of a novel amycolatopsis strain producing ristocetin.,"Truman AW, Kwun MJ, Cheng J, Yang SH, Suh JW, Hong HJ.",Antimicrob Agents Chemother. 2014 Oct;58(10):5687-95. doi: 10.1128/AAC.03349-14. Epub 2014 Jul 14.,PMID:25022591 | PMCID:PMC4187901,
"a0729	Hpg|Cl2-Hpg	CAA11795.1	A1	BGC0000455	vancomycin",Hpg|Cl2-Hpg,BGC0000455,24884615,24884615,Complete genome sequence and comparative genomic analyses of the vancomycin-producing Amycolatopsis orientalis.,"Xu L, Huang H, Wei W, Zhong Y, Tang B, Yuan H, Zhu L, Huang W, Ge M, Yang S, Zheng H, Jiang W, Chen D, Zhao GP, Zhao W.",BMC Genomics. 2014 May 13;15:363. doi: 10.1186/1471-2164-15-363.,PMID:24884615 | PMCID:PMC4048454,
"a0730	Hpg|Cl2-Hpg	CAA11795.1	A2	BGC0000455	vancomycin",Hpg|Cl2-Hpg,BGC0000455,24884615,24884615,Complete genome sequence and comparative genomic analyses of the vancomycin-producing Amycolatopsis orientalis.,"Xu L, Huang H, Wei W, Zhong Y, Tang B, Yuan H, Zhu L, Huang W, Ge M, Yang S, Zheng H, Jiang W, Chen D, Zhao GP, Zhao W.",BMC Genomics. 2014 May 13;15:363. doi: 10.1186/1471-2164-15-363.,PMID:24884615 | PMCID:PMC4048454,
"a0731	bOH-Tyr|Tyr	CAA11795.1	A3	BGC0000455	vancomycin",bOH-Tyr|Tyr,BGC0000455,24884615,24884615,Complete genome sequence and comparative genomic analyses of the vancomycin-producing Amycolatopsis orientalis.,"Xu L, Huang H, Wei W, Zhong Y, Tang B, Yuan H, Zhu L, Huang W, Ge M, Yang S, Zheng H, Jiang W, Chen D, Zhao GP, Zhao W.",BMC Genomics. 2014 May 13;15:363. doi: 10.1186/1471-2164-15-363.,PMID:24884615 | PMCID:PMC4048454,
"a0734	Orn|OH-Orn	CAB53322.1	A1	BGC0000325	coelichelin",Orn|OH-Orn,BGC0000325,12000953;8843436,8843436,A set of ordered cosmids and a detailed genetic and physical map for the 8 Mb Streptomyces coelicolor A3(2) chromosome.,"Redenbach M, Kieser HM, Denapaite D, Eichner A, Cullum J, Kinashi H, Hopwood DA.",Mol Microbiol. 1996 Jul;21(1):77-96.,PMID:8843436,
"a0736	Hpg|2Cl-Hpg	AAK81827.1	A1	BGC0000326	complestatin",Hpg|2Cl-Hpg,BGC0000326,11447274,11447274,Molecular cloning and sequence analysis of the complestatin biosynthetic gene cluster.,"Chiu HT, Hubbard BK, Shah AN, Eide J, Fredenburg RA, Walsh CT, Khosla C.",Proc Natl Acad Sci U S A. 2001 Jul 17;98(15):8548-53. Epub 2001 Jul 10.,PMID:11447274 | PMCID:PMC37473,
"a0741	bOH-Tyr|Tyr	CAA11794.1	A2	BGC0000455	vancomycin",bOH-Tyr|Tyr,BGC0000455,24884615,24884615,Complete genome sequence and comparative genomic analyses of the vancomycin-producing Amycolatopsis orientalis.,"Xu L, Huang H, Wei W, Zhong Y, Tang B, Yuan H, Zhu L, Huang W, Ge M, Yang S, Zheng H, Jiang W, Chen D, Zhao GP, Zhao W.",BMC Genomics. 2014 May 13;15:363. doi: 10.1186/1471-2164-15-363.,PMID:24884615 | PMCID:PMC4048454,
"a0743	bOH-Tyr|Tyr	CAC48369.1	A1	BGC0000311	balhimycin",bOH-Tyr|Tyr,BGC0000311,10390204;11495926;12404385;11880037;11932455,11932455,Nonribosomal biosynthesis of vancomycin-type antibiotics: a heptapeptide backbone and eight peptide synthetase modules.,"Recktenwald J, Shawky R, Puk O, Pfennig F, Keller U, Wohlleben W, Pelzer S.",Microbiology. 2002 Apr;148(Pt 4):1105-18.,PMID:11932455,
"a0745	di-OH-Bz|Sal	CAA33158.1	A1	not_in_mibig	enterobactin",di-OH-Bz|Sal,not_in_mibig,NA,NA,NA,NA,NA,NA,
"a0746	di-OH-Bz|Sal	AAO69874.1	A1	not_in_mibig	enterobactin",di-OH-Bz|Sal,not_in_mibig,NA,NA,NA,NA,NA,NA,
"a0779	Hpg|Cl2-Hpg	AAM80539.1	A1	BGC0000290	A47934",Hpg|Cl2-Hpg,BGC0000290,9177243;12060705;16492565,16492565,Biosynthesis of sulfated glycopeptide antibiotics by using the sulfotransferase StaL.,"Lamb SS, Patel T, Koteva KP, Wright GD.",Chem Biol. 2006 Feb;13(2):171-81.,PMID:16492565,
"a0793	bOH-Tyr	AIG79241.1	A3	BGC0000419	ristomycin_A",bOH-Tyr,BGC0000419,25114137,25114137,Overproduction of Ristomycin A by activation of a silent gene cluster in Amycolatopsis japonicum MG417-CF17.,"Spohn M, Kirchner N, Kulik A, Jochim A, Wolf F, Muenzer P, Borst O, Gross H, Wohlleben W, Stegmann E.",Antimicrob Agents Chemother. 2014 Oct;58(10):6185-96. doi: 10.1128/AAC.03512-14. Epub 2014 Aug 11.,PMID:25114137 | PMCID:PMC4187939,
"a0795	bOH-Tyr	AIG79243.1	A2	BGC0000419	ristomycin_A",bOH-Tyr,BGC0000419,25114137,25114137,Overproduction of Ristomycin A by activation of a silent gene cluster in Amycolatopsis japonicum MG417-CF17.,"Spohn M, Kirchner N, Kulik A, Jochim A, Wolf F, Muenzer P, Borst O, Gross H, Wohlleben W, Stegmann E.",Antimicrob Agents Chemother. 2014 Oct;58(10):6185-96. doi: 10.1128/AAC.03512-14. Epub 2014 Aug 11.,PMID:25114137 | PMCID:PMC4187939,
"b0068	OH-Orn	CAJ96470.1	A1	BGC0000330	cupriachelin",OH-Orn,BGC0000330,22381697,22381697,"Structure and biosynthetic assembly of cupriachelin, a photoreactive siderophore from the bioplastic producer Cupriavidus necator H16.","Kreutzer MF, Kage H, Nett M.",J Am Chem Soc. 2012 Mar 21;134(11):5415-22. doi: 10.1021/ja300620z. Epub 2012 Mar 13.,PMID:22381697,
"b0077	4Me-Pro	AFT91378.1	A6	BGC0000338	echinocandin_b",4Me-Pro,BGC0000338,22998630;23451921;6235127;4613708,4613708,"[Metabolites of microorganisms. 143. Echinocandin B, a novel polypeptide-antibiotic from Aspergillus nidulans var. echinulatus: isolation and structural components].","Nyfeler R, Keller-Schierlein W.",Helv Chim Acta. 1974;57(8):2459-77. German.  No abstract available.,PMID:4613708,
"b0108	bMe-Phe	AEH41793.1	A3	BGC0000374	hormaomycin",bMe-Phe,BGC0000374,21439483;23790494;10.1039/C2SC21722H;10.1002/anie.199000641,10.1002/anie.199000641,NA,NA,NA,NA,
"b0110	bMe-Phe	AEH41794.1	A1	BGC0000374	hormaomycin",bMe-Phe,BGC0000374,21439483;23790494;10.1039/C2SC21722H;10.1002/anie.199000641,10.1002/anie.199000641,NA,NA,NA,NA,
"b0202	OH-Asp	AED90003.1	A3	BGC0000443	thanamycin",OH-Asp,BGC0000443,21551032;22586093;22121884,22121884,"Involvement of phenazines and lipopeptides in interactions between Pseudomonas species and Sclerotium rolfsii, causal agent of stem rot disease on groundnut.","Le CN, Kruijt M, Raaijmakers JM.",J Appl Microbiol. 2012 Feb;112(2):390-403. doi: 10.1111/j.1365-2672.2011.05205.x. Epub 2011 Dec 20.,PMID:22121884,
"b0524	di-OH-Bz	CDG76957.1	A1	BGC0000446	tilivalline",di-OH-Bz,BGC0000446,25157164;28977734;28972161;29389112,29389112,"Biosynthesis of the Klebsiella oxytoca Pathogenicity Factor Tilivalline: Heterologous Expression, in Vitro Biosynthesis, and Inhibitor Development.","von Tesmar A, Hoffmann M, Abou Fayad A, Hüttel S, Schmitt V, Herrmann J, Müller R.",ACS Chem Biol. 2018 Mar 16;13(3):812-819. doi: 10.1021/acschembio.7b00990. Epub 2018 Feb 13.,PMID:29389112,
"b0234	4OH-Pro	AGN74886.1	A1	BGC0000459	griseoviridin",4OH-Pro,BGC0000459,23161816;24782066;24617259,24617259,[Substrate specificity of 3-hydroxypicolinic acid unit in the viridogrisein biosynthetic pathway].,"Xie Y, Ju J.",Wei Sheng Wu Xue Bao. 2013 Nov 4;53(11):1179-88. Chinese.,PMID:24617259,
"b0263	3Me-Tyr	ADY76664.1	A1	BGC0000950	napsamycin",3Me-Tyr,BGC0000950,21290549;8040059;24115404;2498274;8517724,8517724,Selective inhibition of the bacterial translocase reaction in peptidoglycan synthesis by mureidomycins.,"Inukai M, Isono F, Takatsuki A.",Antimicrob Agents Chemother. 1993 May;37(5):980-3.,PMID:8517724 | PMCID:PMC187869,
"b0526	3Me-Tyr	ADY76674.1	A1	BGC0000950	napsamycin",3Me-Tyr,BGC0000950,21290549;8040059;24115404;2498274;8517724,8517724,Selective inhibition of the bacterial translocase reaction in peptidoglycan synthesis by mureidomycins.,"Inukai M, Isono F, Takatsuki A.",Antimicrob Agents Chemother. 1993 May;37(5):980-3.,PMID:8517724 | PMCID:PMC187869,
"b0527	Met	ADY76684.1	A1	BGC0000950	napsamycin",Met,BGC0000950,21290549;8040059;24115404;2498274;8517724,8517724,Selective inhibition of the bacterial translocase reaction in peptidoglycan synthesis by mureidomycins.,"Inukai M, Isono F, Takatsuki A.",Antimicrob Agents Chemother. 1993 May;37(5):980-3.,PMID:8517724 | PMCID:PMC187869,
"b0281	Met	ABC36785.1	A1	BGC0000964	burkholdac",Met,BGC0000964,21348454;22091906;24589486,24589486,"Total synthesis of burkholdacs A and B and 5,6,20-tri-epi-burkholdac A: HDAC inhibition and antiproliferative activity.","Fukui Y, Narita K, Dan S, Yamori T, Ito A, Yoshida M, Katoh T.",Eur J Med Chem. 2014 Apr 9;76:301-13. doi: 10.1016/j.ejmech.2014.02.044. Epub 2014 Feb 18.,PMID:24589486,
"b0306	Me-bAla	ABM21572.1	A1	BGC0000975	cryptophyicin	NOTE:no_inline_methlation_domain",Me-bAla,BGC0000975,17240975,17240975,Biosynthetic characterization and chemoenzymatic assembly of the cryptophycins. Potent anticancer agents from cyanobionts.,"Magarvey NA, Beck ZQ, Golakoti T, Ding Y, Huber U, Hemscheidt TK, Abelson D, Moore RE, Sherman DH.",ACS Chem Biol. 2006 Dec 15;1(12):766-79.,PMID:17240975,
"b0534	di-OH-Bz	ABS75234.1	A1	BGC0001185	bacillibactin",di-OH-Bz,BGC0001185,18957859,18957859,More than anticipated - production of antibiotics and other secondary metabolites by Bacillus amyloliquefaciens FZB42.,"Chen XH, Koumoutsi A, Scholz R, Borriss R.",J Mol Microbiol Biotechnol. 2009;16(1-2):14-24. doi: 10.1159/000142891. Epub 2008 Oct 29.,PMID:18957859,
"b0464	OH-Asn	WP_030498977.1	A1	BGC0001327	rakicidin",OH-Asn,BGC0001327,26637117,26637117,Total Synthesis and Biological Evaluation of Rakicidin A and Discovery of a Simplified Bioactive Analogue.,"Tsakos M, Clement LL, Schaffert ES, Olsen FN, Rupiani S, Djurhuus R, Yu W, Jacobsen KM, Villadsen NL, Poulsen TB.",Angew Chem Int Ed Engl. 2016 Jan 18;55(3):1030-5. doi: 10.1002/anie.201509926. Epub 2015 Dec 4.,PMID:26637117,
"b0467	OH-Asn	EWM63007.1	A1	BGC0001328	rakicidin",OH-Asn,BGC0001328,26637117,26637117,Total Synthesis and Biological Evaluation of Rakicidin A and Discovery of a Simplified Bioactive Analogue.,"Tsakos M, Clement LL, Schaffert ES, Olsen FN, Rupiani S, Djurhuus R, Yu W, Jacobsen KM, Villadsen NL, Poulsen TB.",Angew Chem Int Ed Engl. 2016 Jan 18;55(3):1030-5. doi: 10.1002/anie.201509926. Epub 2015 Dec 4.,PMID:26637117,
"b0493	di-OH-Bz	AQZ26587.1	A1	BGC0001437	obafluorin",di-OH-Bz,BGC0001437,10.1038/ncomms15935,10.1038/ncomms15935,NA,NA,NA,NA,
"b0497	Me-Dpr	ARU08063.1	A1	BGC0001448	malacidin",Me-Dpr,BGC0001448,29434326,29434326,Culture-independent discovery of the malacidins as calcium-dependent antibiotics with activity against multidrug-resistant Gram-positive pathogens.,"Hover BM, Kim SH, Katz M, Charlop-Powers Z, Owen JG, Ternei MA, Maniko J, Estrela AB, Molina H, Park S, Perlin DS, Brady SF.",Nat Microbiol. 2018 Apr;3(4):415-422. doi: 10.1038/s41564-018-0110-1. Epub 2018 Feb 12.,PMID:29434326 | PMCID:PMC5874163,
"b0498	3Me-Asp	ARU08073.1	A1	BGC0001448	malacidin",3Me-Asp,BGC0001448,29434326,29434326,Culture-independent discovery of the malacidins as calcium-dependent antibiotics with activity against multidrug-resistant Gram-positive pathogens.,"Hover BM, Kim SH, Katz M, Charlop-Powers Z, Owen JG, Ternei MA, Maniko J, Estrela AB, Molina H, Park S, Perlin DS, Brady SF.",Nat Microbiol. 2018 Apr;3(4):415-422. doi: 10.1038/s41564-018-0110-1. Epub 2018 Feb 12.,PMID:29434326 | PMCID:PMC5874163,
"b0501	OH-Asp	ARU08074.1	A2	BGC0001448	malacidin",OH-Asp,BGC0001448,29434326,29434326,Culture-independent discovery of the malacidins as calcium-dependent antibiotics with activity against multidrug-resistant Gram-positive pathogens.,"Hover BM, Kim SH, Katz M, Charlop-Powers Z, Owen JG, Ternei MA, Maniko J, Estrela AB, Molina H, Park S, Perlin DS, Brady SF.",Nat Microbiol. 2018 Apr;3(4):415-422. doi: 10.1038/s41564-018-0110-1. Epub 2018 Feb 12.,PMID:29434326 | PMCID:PMC5874163,
"b0505	3Me-Asp	ARU08074.1	A5	BGC0001448	malacidin",3Me-Asp,BGC0001448,29434326,29434326,Culture-independent discovery of the malacidins as calcium-dependent antibiotics with activity against multidrug-resistant Gram-positive pathogens.,"Hover BM, Kim SH, Katz M, Charlop-Powers Z, Owen JG, Ternei MA, Maniko J, Estrela AB, Molina H, Park S, Perlin DS, Brady SF.",Nat Microbiol. 2018 Apr;3(4):415-422. doi: 10.1038/s41564-018-0110-1. Epub 2018 Feb 12.,PMID:29434326 | PMCID:PMC5874163,
"b0507	3Me-Pro	ARU08075.1	A2	BGC0001448	malacidin",3Me-Pro,BGC0001448,29434326,29434326,Culture-independent discovery of the malacidins as calcium-dependent antibiotics with activity against multidrug-resistant Gram-positive pathogens.,"Hover BM, Kim SH, Katz M, Charlop-Powers Z, Owen JG, Ternei MA, Maniko J, Estrela AB, Molina H, Park S, Perlin DS, Brady SF.",Nat Microbiol. 2018 Apr;3(4):415-422. doi: 10.1038/s41564-018-0110-1. Epub 2018 Feb 12.,PMID:29434326 | PMCID:PMC5874163,
"b0509	3Me-Pro	AEO57481.1	A1	BGC0001449	UCS1025A",3Me-Pro,BGC0001449,29373009;16492566;12465894,12465894,"UCS1025A and B, new antitumor antibiotics from the fungus Acremonium species.","Agatsuma T, Akama T, Nara S, Matsumiya S, Nakai R, Ogawa H, Otaki S, Ikeda S, Saitoh Y, Kanda Y.",Org Lett. 2002 Dec 12;4(25):4387-90.,PMID:12465894,